rmse,r2
2.710184367656491,0.9516697675631376
